{"cameraMode":{"drawMode":0,"name":"Shaded","section":"Shading Mode"},"sceneLighting":false,"audioPlay":false,"sceneViewState":{"showFog":true,"showMaterialUpdate":false,"showSkybox":true,"showFlares":true,"showImageEffects":true,"showParticleSystems":true},"in2DMode":false,"pivot":{"x":-16.210453033447267,"y":2.218222141265869,"z":-16.840351104736329},"rotation":{"x":0.01550162211060524,"y":0.9035975933074951,"z":-0.4268428385257721,"w":0.03281591832637787},"size":13.637107849121094,"orthographic":false}