{"cameraMode":{"drawMode":0,"name":"Shaded","section":"Shading Mode"},"sceneLighting":false,"audioPlay":false,"sceneViewState":{"showFog":true,"showMaterialUpdate":false,"showSkybox":true,"showFlares":true,"showImageEffects":true,"showParticleSystems":true},"in2DMode":false,"pivot":{"x":7.365854263305664,"y":2.0,"z":23.082468032836915},"rotation":{"x":0.37402793765068056,"y":0.06391213834285736,"z":-0.025847140699625016,"w":0.9248524308204651},"size":4.442760944366455,"orthographic":false}