{"cameraMode":{"drawMode":0,"name":"Shaded","section":"Shading Mode"},"sceneLighting":false,"audioPlay":false,"sceneViewState":{"showFog":true,"showMaterialUpdate":false,"showSkybox":true,"showFlares":true,"showImageEffects":true,"showParticleSystems":true},"in2DMode":false,"pivot":{"x":0.05731832981109619,"y":2.218222141265869,"z":21.126651763916017},"rotation":{"x":0.37402793765068056,"y":0.06391213834285736,"z":-0.025847140699625016,"w":0.9248524308204651},"size":13.575922012329102,"orthographic":false}